Classifier,Accuracy
SVM,69.44444444444444
KNeighborsClassifier,74.44444444444443
LogisticRegression,72.22222222222221
DecisionTreeClassifier,51.11111111111111
XGBoost,58.333333333333336
