Classifier,Accuracy
SVM,74.72222222222221
KNeighborsClassifier,73.88888888888889
LogisticRegression,74.44444444444444
DecisionTreeClassifier,67.5
XGBoost,55.83333333333333
